Size;Reference;Collection;Description;RRP;Complication
40;116900;Air King;Standard Dial;6180.0;
40;116500LN;Cosmograph Daytona;Standard Dial;12600.0;Chronograph, Small Seconds, Stop Seconds
40;116503;Cosmograph Daytona;Standard Dial;16800.0;Chronograph, Small Seconds
40;116503;Cosmograph Daytona;Diamond Dial;18720.0;Chronograph, Small Seconds
40;116503;Cosmograph Daytona;Mother of Pearl Diamond Dial;21360.0;Chronograph, Small Seconds
40;116505;Cosmograph Daytona;Standard Dial;37860.0;Chronograph, Small Seconds
40;116505;Cosmograph Daytona;Diamond Dial;43920.0;Chronograph, Small Seconds
40;116506;Cosmograph Daytona;Standard Dial;72780.0;Chronograph, Small Seconds, Stop Seconds
40;116506;Cosmograph Daytona;Diamond Dial;78840.0;Chronograph, Small Seconds, Stop Seconds
40;116508;Cosmograph Daytona;Standard Dial;35220.0;Chronograph, Small Seconds, Stop Seconds
40;116508;Cosmograph Daytona;Diamond Dial;37140.0;Chronograph, Small Seconds, Stop Seconds
40;116508;Cosmograph Daytona;Mother of Pearl Diamond Dial;39780.0;Chronograph, Small Seconds, Stop Seconds
40;116509;Cosmograph Daytona;Standard Dial;37860.0;Chronograph, Small Seconds
40;116509;Cosmograph Daytona;Mother of Pearl Diamond Dial;42420.0;Chronograph, Small Seconds
40;116509;Cosmograph Daytona;Diamond Dial;39780.0;Chronograph, Small Seconds
40;116515LN;Cosmograph Daytona;Standard Dial;28560.0;Chronograph, Small Seconds
40;116515LN;Cosmograph Daytona;Diamond Dial;34620.0;Chronograph, Small Seconds
40;116518LN;Cosmograph Daytona;Standard Dial;27420.0;Chronograph, Small Seconds
40;116518LN;Cosmograph Daytona;Diamond Dial;29340.0;Chronograph, Small Seconds
40;116518LN;Cosmograph Daytona;Mother of Peal Diamond Dial;31980.0;Chronograph, Small Seconds
40;116595RBOW;Cosmograph Daytona;Standard Diamond Dial;110520.0;Chronograph, Small Seconds
40;116595RBOW;Cosmograph Daytona;Pave Diamond Dial;127560.0;Chronograph, Small Seconds
40;116595RBOW;Cosmograph Daytona;Pave Diamond Dial Diamond Bracelet;209520.0;Chronograph, Small Seconds
40;116519LN;Cosmograph Daytona;Standard Dial;28560.0;Chronograph, Small Seconds
40;116519LN;Cosmograph Daytona;Diamond Dial;30480.0;Chronograph, Small Seconds
40;116519LN;Cosmograph Daytona;Mother of Pearl Diamond Dial;33120.0;Chronograph, Small Seconds
40;116578SACO;Cosmograph Daytona;Mother of Pearl Diamond Dial;75540.0;Chronograph, Small Seconds, Stop Seconds
40;116588SACO;Cosmograph Daytona;Diamond Dial;68700.0;Chronograph, Small Seconds
40;116588TBR;Cosmograph Daytona;Pave Diamond Dial;102240.0;Chronograph, Small Seconds, Stop Seconds
36;116200;Datejust;Standard Dial Oyster Bracelet;6600.0;Date, Stop Seconds
36;116234;Datejust;Diamond Dial Jubilee Bracelet;9240.0;Date, Stop Seconds
36;116234;Datejust;Standard Dial Jubilee Bracelet;7380.0;Date, Stop Seconds
36;116234;Datejust;Standard Dial Oyster Bracelet;7320.0;Date, Stop Seconds
36;116234;Datejust;Diamond 6 & 9 Dial Jubilee Bracelet;9720.0;Date, Stop Seconds
36;116234;Datejust;Diamond Dial Oyster Bracelet;9180.0;Date, Stop Seconds
36;116234;Datejust;Mother of Pearl Diamond Dial Oyster Bracelet;11760.0;Date, Stop Seconds
36;116234;Datejust;Mother of Pearl Diamond Dial Jubilee Bracelet;11820.0;Date, Stop Seconds
36;116234;Datejust;Diamond 6 & 9 Dial Oyster Bracelet;9660.0;Date, Stop Seconds
36;116244;Datejust;Diamond Dial Jubilee Bracelet;15540.0;Date, Stop Seconds
36;116244;Datejust;Standard Dial Jubilee Bracelet;13680.0;Date, Stop Seconds
36;116244;Datejust;Standard Dial Oyster Bracelet;13620.0;Date, Stop Seconds
36;116244;Datejust;Mother of Pearl Diamond Dial Jubilee Bracelet;18120.0;Date, Stop Seconds
36;116244;Datejust;Diamond Dial Oyster Bracelet;15480.0;Date, Stop Seconds
36;116244;Datejust;Mother of Pearl Diamond Dial Oyster Bracelet;18060.0;Date, Stop Seconds
36;116244;Datejust;Diamond 6 & 9 Dial Jubilee Bracelet;16020.0;Date, Stop Seconds
36;116244;Datejust;Diamond 6 & 9 Dial Oyster Bracelet;15960.0;Date, Stop Seconds
36;126200;Datejust;Standard Dial Oyster Bracelet;6780.0;Date, Stop Seconds
36;126200;Datejust;Standard Dial Jubilee Bracelet;6960.0;Date, Stop Seconds
36;126201;Datejust;Standard Dial Oyster Bracelet;10800.0;Date, Stop Seconds
36;126201;Datejust;Standard Dial Jubilee Bracelet;11400.0;Date, Stop Seconds
36;126201;Datejust;Diamond Dial Oyster Bracelet;12720.0;Date, Stop Seconds
36;126201;Datejust;Diamond Dial Jubilee Bracelet;13320.0;Date, Stop Seconds
36;126201;Datejust;Diamond VI IX Dial Oyster Bracelet;13200.0;Date, Stop Seconds
36;126201;Datejust;Diamond VI IX Dial Jubilee Bracelet;13800.0;Date, Stop Seconds
36;126201;Datejust;Mother of Pearl Diamond Dial Oyster Bracelet;15420.0;Date, Stop Seconds
36;126201;Datejust;Mother of Pearl Diamond Dial Jubilee Bracelet;16020.0;Date, Stop Seconds
36;126203;Datejust;Standard Dial Oyster Bracelet;10500.0;Date
36;126203;Datejust;Standard Dial Jubilee Bracelet;11100.0;Date
36;126203;Datejust;Diamond Dial Oyster Bracelet;12420.0;Date
36;126203;Datejust;Diamond Dial Jubilee Bracelet;13020.0;Date
36;126203;Datejust;Diamond VI IX Dial Oyster Bracelet;12900.0;Date
36;126203;Datejust;Diamond VI IX Dial Jubilee Bracelet;13500.0;Date
36;126203;Datejust;Mother of Pearl Diamond Dial Oyster Bracelet;15120.0;Date
36;126203;Datejust;Mother of Pearl Diamond Dial Jubilee Bracelet;15720.0;Date
36;126231;Datejust;Standard Dial Oyster Bracelet;10920.0;Date
36;126231;Datejust;Standard Dial Jubilee Bracelet;11520.0;Date
36;126231;Datejust;Diamond Dial Oyster Bracelet;12840.0;Date
36;126231;Datejust;Diamond Dial Jubilee Bracelet;13440.0;Date
36;126231;Datejust;Diamond VI IX Dial Oyster Bracelet;13320.0;Date
36;126231;Datejust;Diamond VI IX Dial Jubilee Bracelet;13920.0;Date
36;126231;Datejust;Mother of Pearl Diamond Dial Oyster Bracelet;15540.0;Date
36;126231;Datejust;Mother of Pearl Diamond Dial Jubilee Bracelet;16140.0;Date
36;126233;Datejust;Standard Dial Oyster Bracelet;10620.0;Date
36;126233;Datejust;Standard Dial Jubilee Bracelet;11220.0;Date
36;126233;Datejust;Diamond Dial Oyster Bracelet;12540.0;Date
36;126233;Datejust;Diamond Dial Jubilee Bracelet;13140.0;Date
36;126233;Datejust;Diamond VI IX Dial Oyster Bracelet;13020.0;Date
36;126233;Datejust;Diamond VI IX Dial Jubilee Bracelet;13620.0;Date
36;126233;Datejust;Mother of Pearl Diamond Dial Oyster Bracelet;15240.0;Date
36;126233;Datejust;Mother of Pearl Diamond Dial Jubilee Bracelet;15840.0;Date
36;126234;Datejust;Standard Dial Oyster Bracelet;7980.0;Date, Stop Seconds
36;126234;Datejust;Standard Dial Jubilee Bracelet;8160.0;Date, Stop Seconds
36;126234;Datejust;Diamond Dial Oyster Bracelet;9900.0;Date, Stop Seconds
36;126234;Datejust;Diamond Dial Jubilee Bracelet;10080.0;Date, Stop Seconds
36;126234;Datejust;Diamond VI IX Dial Oyster Bracelet;10380.0;Date, Stop Seconds
36;126234;Datejust;Diamond VI IX Dial Jubilee Bracelet;10560.0;Date, Stop Seconds
36;126234;Datejust;Mother of Pearl Diamond Dial Oyster Bracelet;12600.0;Date, Stop Seconds
36;126234;Datejust;Mother of Pearl Diamond Dial Jubilee Bracelet;12780.0;Date, Stop Seconds
36;126281RBR;Datejust;Standard Dial Oyster Bracelet;17520.0;Date
36;126281RBR;Datejust;Standard Dial Jubilee Bracelet;18120.0;Date
36;126281RBR;Datejust;Diamond Dial Oyster Bracelet;19440.0;Date
36;126281RBR;Datejust;Diamond Dial Jubilee Bracelet;20040.0;Date
36;126281RBR;Datejust;Mother of Pearl Diamond Dial Oyster Bracelet;22140.0;Date
36;126281RBR;Datejust;Mother of Pearl Diamond Dial Jubilee Bracelet;22740.0;Date
36;126281RBR;Datejust;Diamond VI IX Dial Oyster Bracelet;19920.0;Date
36;126281RBR;Datejust;Diamond VI IX Dial Jubilee Bracelet;20520.0;Date
36;126283RBR;Datejust;Standard Dial Oyster Bracelet;17280.0;Date
36;126283RBR;Datejust;Standard Dial Jubilee Bracelet;17880.0;Date
36;126283RBR;Datejust;Diamond Dial Oyster Bracelet;19200.0;Date
36;126283RBR;Datejust;Diamond Dial Jubilee Bracelet;19800.0;Date
36;126283RBR;Datejust;Mother of Pearl Diamond Dial Oyster Bracelet;21900.0;Date
36;126283RBR;Datejust;Mother of Pearl Diamond Dial Jubilee Bracelet;22500.0;Date
36;126283RBR;Datejust;Diamond VI IX Dial Oyster Bracelet;19680.0;Date
36;126283RBR;Datejust;Diamond VI IX Dial Jubilee Bracelet;20280.0;Date
36;126284RBR;Datejust;Standard Dial Oyster Bracelet;14700.0;Date
36;126284RBR;Datejust;Standard Dial Jubilee Bracelet;14880.0;Date
36;126284RBR;Datejust;Diamond Dial Oyster Bracelet;16620.0;Date
36;126284RBR;Datejust;Diamond Dial Jubilee Bracelet;16800.0;Date
36;126284RBR;Datejust;Mother of Pearl Diamond Dial Oyster Bracelet;19320.0;Date
36;126284RBR;Datejust;Mother of Pearl Diamond Dial Jubilee Bracelet;19500.0;Date
36;126284RBR;Datejust;Diamond VI IX Dial Oyster Bracelet;17100.0;Date
36;126284RBR;Datejust;Diamond VI IX Dial Jubilee Bracelet;17280.0;Date
41;126300;Datejust;Standard Dial Oyster Bracelet;7380.0;Date
41;126300;Datejust;Standard Dial Jubilee Bracelet;7560.0;Date
41;126301;Datejust;Standard Dial Oyster Bracelet;12300.0;Date, Stop Seconds
41;126301;Datejust;Standard Dial Jubilee Bracelet;12900.0;Date, Stop Seconds
41;126301;Datejust;Diamond Dial Oyster Bracelet;14220.0;Date, Stop Seconds
41;126301;Datejust;Diamond Dial Jubilee Bracelet;14820.0;Date, Stop Seconds
41;126301;Datejust;Mother of Pearl Diamond Dial Oyster Bracelet;16920.0;Date, Stop Seconds
41;126301;Datejust;Mother of Pearl Diamond Dial Jubilee Bracelet;17520.0;Date, Stop Seconds
41;126303;Datejust;Standard Dial Oyster Bracelet;12000.0;Date, Stop Seconds
41;126303;Datejust;Standard Dial Jubilee Bracelet;12600.0;Date, Stop Seconds
41;126303;Datejust;Diamond Dial Oyster Bracelet;13920.0;Date, Stop Seconds
41;126303;Datejust;Diamond Dial Jubilee Bracelet;14520.0;Date, Stop Seconds
41;126303;Datejust;Mother of Pearl Diamond Dial Oyster Bracelet;16620.0;Date, Stop Seconds
41;126303;Datejust;Mother of Pearl Diamond Dial Jubilee Bracelet;17220.0;Date, Stop Seconds
41;126331;Datejust;Standard Dial Oyster Bracelet;12420.0;Date, Stop Seconds
41;126331;Datejust;Standard Dial Jubilee Bracelet;13020.0;Date, Stop Seconds
41;126331;Datejust;Diamond Dial Oyster Bracelet;14340.0;Date, Stop Seconds
41;126331;Datejust;Diamond Dial Jubilee Bracelet;14940.0;Date, Stop Seconds
41;126331;Datejust;Mother of Pearl Diamond Dial Oyster Bracelet;17040.0;Date, Stop Seconds
41;126331;Datejust;Mother of Pearl Diamond Dial Jubilee Bracelet;17640.0;Date, Stop Seconds
41;126333;Datejust;Standard Dial Oyster Bracelet;12060.0;Date, Stop Seconds
41;126333;Datejust;Standard Dial Jubilee Bracelet;12660.0;Date, Stop Seconds
41;126333;Datejust;Diamond Dial Oyster Bracelet;13980.0;Date, Stop Seconds
41;126333;Datejust;Diamond Dial Jubilee Bracelet;14580.0;Date, Stop Seconds
41;126333;Datejust;Mother of Pearl Diamond Dial Oyster Bracelet;16680.0;Date, Stop Seconds
41;126333;Datejust;Mother of Pearl Diamond Dial Jubilee Bracelet;17280.0;Date, Stop Seconds
41;126334;Datejust;Standard Dial Oyster Bracelet;9300.0;Date, Stop Seconds
41;126334;Datejust;Diamond Dial Oyster Bracelet;11220.0;Date, Stop Seconds
41;126334;Datejust;Standard Dial Jubilee Bracelet;9480.0;Date, Stop Seconds
41;126334;Datejust;Diamond Dial Jubilee Bracelet;11400.0;Date, Stop Seconds
41;126334;Datejust;Mother of Pearl Diamond Dial Oyster Bracelet;13920.0;Date, Stop Seconds
41;126334;Datejust;Mother of Pearl Diamond Dial Jubilee Bracelet;14100.0;Date, Stop Seconds
28;279160;Datejust;Standard Dial Oyster Bracelet;5820.0;Date, Stop Seconds
28;279160;Datejust;Standard Dial Jubilee Bracelet;5880.0;Date, Stop Seconds
28;279174;Datejust;Standard Dial Oyster Bracelet;6840.0;Date
28;279174;Datejust;Standard Dial Jubilee Bracelet;6900.0;Date
44;126660;Deepsea Sea-Dweller;Standard Dial;12180.0;Date, Stop Seconds, Diver
44;126660;Deepsea Sea-Dweller;Blue Gradient Dial;12420.0;Date, Stop Seconds, Diver
40;126710BLRO;GMT-Master II;Standard Dial;9300.0;Date, GMT
40;126710BLNR;GMT-Master II;Standard Dial;9300.0;Date, GMT
40;126711CHNR;GMT-Master II;Standard Dial;14220.0;Date, GMT
40;126715CHNR;GMT-Master II;Standard Dial;36780.0;Date, GMT
40;126719BLRO;GMT-Master II;Standard Dial;36780.0;Date, GMT, Stop Seconds
40;126719BLRO;GMT-Master II;Meteorite Dial;38400.0;Date, GMT, Stop Seconds
40;126755SARU;GMT-Master II;Standard Dial;103500.0;Date, GMT, Stop Seconds
40;126755SARU;GMT-Master II;Pave Diamond Dial;122640.0;Date, GMT, Stop Seconds
40;126755SARU;GMT-Master II;Pave Diamond Dial Diamond Bracelet;204600.0;Date, GMT, Stop Seconds
31;178240;Datejust;Standard Dial Jubilee Bracelet;6360.0;Date, Stop Seconds
31;178240;Datejust;Standard Dial Oyster Bracelet;6180.0;Date, Stop Seconds
31;178241;Datejust;Standard Dial Oyster Bracelet;8640.0;Date, Stop Seconds
31;178241;Datejust;Standard Dial Jubilee Bracelet;9120.0;Date, Stop Seconds
31;178241;Datejust;Diamond Dial Oyster Bracelet;10500.0;Date, Stop Seconds
31;178241;Datejust;Diamond Dial Jubilee Bracelet;10980.0;Date, Stop Seconds
31;178241;Datejust;Mother of Pearl Diamond Dial Oyster Bracelet;12780.0;Date, Stop Seconds
31;178241;Datejust;Mother of Pearl Dial Oyster Bracelet;10080.0;Date, Stop Seconds
31;178241;Datejust;Mother of Pearl Diamond Dial Jubilee Bracelet;13260.0;Date, Stop Seconds
31;178241;Datejust;Mother of Pearl Dial Jubilee Bracelet;10560.0;Date, Stop Seconds
31;178241;Datejust;Diamond VI Dial Jubilee Bracelet;10560.0;Date, Stop Seconds
31;178241;Datejust;Mother of Pearl Diamond VI Dial Oyster Bracelet;11520.0;Date, Stop Seconds
31;178241;Datejust;Diamond VI Dial Oyster Bracelet;10080.0;Date, Stop Seconds
31;178241;Datejust;Mother of Pearl Dial Diamond VI Jubilee Bracelet;12000.0;Date, Stop Seconds
31;178243;Datejust;Mother of Pearl Diamond Dial Oyster Bracelet;12480.0;Date, Stop Seconds
31;178243;Datejust;Standard Dial Jubilee Bracelet;8820.0;Date, Stop Seconds
31;178243;Datejust;Mother of Pearl Dial Oyster Bracelet;9780.0;Date, Stop Seconds
31;178243;Datejust;Standard Dial Oyster Bracelet;8340.0;Date, Stop Seconds
31;178243;Datejust;Diamond Dial Jubilee Bracelet;10680.0;Date, Stop Seconds
31;178243;Datejust;Mother of Pearl Diamond Dial Jubilee Bracelet;12960.0;Date, Stop Seconds
31;178243;Datejust;Mother of Pearl Dial Jubilee Bracelet;10260.0;Date, Stop Seconds
31;178243;Datejust;Diamond VI Dial Oyster Bracelet;9780.0;Date, Stop Seconds
31;178243;Datejust;Diamond VI Dial Jubilee Bracelet;10260.0;Date, Stop Seconds
31;178271;Datejust;Standard Dial Oyster Bracelet;8760.0;Date, Stop Seconds
31;178271;Datejust;Standard Dial Jubilee Bracelet;9240.0;Date, Stop Seconds
31;178271;Datejust;Diamond Dial Jubilee Bracelet;11100.0;Date, Stop Seconds
31;178271;Datejust;Mother of Pearl Dial Jubilee Bracelet;10680.0;Date, Stop Seconds
31;178271;Datejust;Mother of Pearl Diamond Dial Jubilee Bracelet;13380.0;Date, Stop Seconds
31;178271;Datejust;Diamond Dial Oyster Bracelet;10620.0;Date, Stop Seconds
31;178271;Datejust;Mother of Pearl Dial Oyster Bracelet;10200.0;Date, Stop Seconds
31;178271;Datejust;Mother of Pearl Diamond Dial Oyster Bracelet;12900.0;Date, Stop Seconds
31;178271;Datejust;Diamond VI Dial Jubilee Bracelet;10680.0;Date, Stop Seconds
31;178271;Datejust;Mother of Pearl Dial Diamond VI Jubilee Bracelet;12120.0;Date, Stop Seconds
31;178271;Datejust;Diamond VI Dial Oyster Bracelet;10200.0;Date, Stop Seconds
31;178271;Datejust;Mother of Pearl Dial Diamond VI Oyster Bracelet;11640.0;Date, Stop Seconds
31;178273;Datejust;Standard Dial Jubilee Bracelet;8940.0;Date
31;178273;Datejust;Diamond Dial Jubilee Bracelet;10800.0;Date
31;178273;Datejust;Standard Dial Oyster Bracelet;8460.0;Date
31;178273;Datejust;Diamond Dial Oyster Bracelet;10320.0;Date
31;178273;Datejust;Mother of Pearl Dial Jubilee Bracelet;10380.0;Date
31;178273;Datejust;Mother of Pearl Diamond Dial Jubilee Bracelet;13080.0;Date
31;178273;Datejust;Mother of Pearl Dial Oyster Bracelet;9900.0;Date
31;178273;Datejust;Mother of Pearl Diamond Dial Oyster Bracelet;12600.0;Date
31;178273;Datejust;Diamond VI Dial Jubilee Bracelet;10380.0;Date
31;178273;Datejust;Diamond VI Dial Oyster Bracelet;9900.0;Date
31;178274;Datejust;Standard Dial Jubilee Bracelet;7500.0;Date, Stop Seconds
31;178274;Datejust;Diamond Dial Jubilee Bracelet;9420.0;Date, Stop Seconds
31;178274;Datejust;Meteorite Diamond Dial Jubilee Bracelet;10200.0;Date, Stop Seconds
31;178274;Datejust;Standard Dial Oyster Bracelet;7320.0;Date, Stop Seconds
31;178274;Datejust;Diamond Dial Oyster Bracelet;9240.0;Date, Stop Seconds
31;178274;Datejust;Mother of Pearl Diamond Dial Oyster Bracelet;11640.0;Date, Stop Seconds
31;178274;Datejust;Mother of Pearl Diamond Dial Jubilee Bracelet;11820.0;Date, Stop Seconds
31;178274;Datejust;Mother of Pearl Dial Jubilee Bracelet;10920.0;Date, Stop Seconds
31;178274;Datejust;Meteorite Diamond Dial Oyster Bracelet;10740.0;Date, Stop Seconds
31;178274;Datejust;Mother of Pearl Dial Oyster Bracelet;8820.0;Date, Stop Seconds
31;178274;Datejust;Mother of Pearl Dial Diamond VI Oyster Bracelet;10380.0;Date, Stop Seconds
31;178274;Datejust;Mother of Pearl Dial Diamond VI Jubilee Bracelet;10560.0;Date, Stop Seconds
31;178274;Datejust;Diamond VI Dial Oyster Bracelet;8820.0;Date, Stop Seconds
31;178274;Datejust;Diamond VI Dial Jubilee Bracelet;9000.0;Date, Stop Seconds
31;178279;Datejust;Diamond Dial President Bracelet;27480.0;Date
31;178279;Datejust;Meteorite Diamond Dial President Bracelet;28860.0;Date
31;178279;Datejust;Mother of Pearl Diamond Dial President Bracelet;29700.0;Date
31;178279;Datejust;Standard Dial President Bracelet;25740.0;Date
31;178279;Datejust;Mother of Pearl Dial President Bracelet;27120.0;Date
31;178279;Datejust;Mother of Pearl Dial Diamond VI President Bracelet;28500.0;Date
31;178279;Datejust;Diamond VI Dial President Bracelet;27120.0;Date
31;178279;Datejust;Pave Diamond Dial President Bracelet;46080.0;Date
31;178279;Datejust;Diamond Dial Sapphire 6 & 9 President Bracelet;29340.0;Date
31;178279;Datejust;Sapphire VI Dial President Bracelet;27120.0;Date
31;178313;Datejust;Mother of Pearl Dial Jubilee Bracelet;12420.0;Date, Stop Seconds
31;178313;Datejust;Diamond VI Dial Jubilee Bracelet;12420.0;Date, Stop Seconds
31;178313;Datejust;Mother of Pearl Diamond Dial Jubilee Bracelet;15120.0;Date, Stop Seconds
31;178313;Datejust;Mother of Pearl Diamond Dial Oyster Bracelet;14640.0;Date, Stop Seconds
31;178313;Datejust;Mother of Pearl Dial Oyster Bracelet;11940.0;Date, Stop Seconds
31;178313;Datejust;Standard Dial Oyster Bracelet;10500.0;Date, Stop Seconds
31;178313;Datejust;Diamond Dial Oyster Bracelet;12360.0;Date, Stop Seconds
31;178313;Datejust;Standard Dial Jubilee Bracelet;10980.0;Date, Stop Seconds
31;178313;Datejust;Diamond VI Dial Jubilee Bracelet;12420.0;Date, Stop Seconds
31;178313;Datejust;Diamond VI Dial Oyster Bracelet;11940.0;Date, Stop Seconds
31;178341;Datejust;Standard Dial Jubilee Bracelet;12240.0;Date, Stop Seconds
31;178341;Datejust;Diamond Dial Jubilee Bracelet;14100.0;Date, Stop Seconds
31;178341;Datejust;Mother of Pearl Diamond Dial Jubilee Bracelet;16380.0;Date, Stop Seconds
31;178341;Datejust;Mother of Pearl Dial Jubilee Bracelet;13680.0;Date, Stop Seconds
31;178341;Datejust;Mother of Pearl Dial Diamond VI Jubilee Bracelet;15120.0;Date, Stop Seconds
31;178341;Datejust;Diamond VI Dial Jubilee Bracelet;13680.0;Date, Stop Seconds
31;178341;Datejust;Diamond VI Dial Oyster Bracelet;13200.0;Date, Stop Seconds
31;178341;Datejust;Mother of Pearl Dial Diamond VI Oyster Bracelet;14640.0;Date, Stop Seconds
31;178341;Datejust;Standard Dial Oyster Bracelet;11760.0;Date, Stop Seconds
31;178341;Datejust;Mother of Pearl Dial Oyster Bracelet;13200.0;Date, Stop Seconds
31;178341;Datejust;Diamond Dial Oyster Bracelet;13620.0;Date, Stop Seconds
31;178341;Datejust;Mother of Pearl Diamond Dial Oyster Bracelet;15900.0;Date, Stop Seconds
31;178343;Datejust;Diamond VI Dial Oyster Bracelet;12900.0;Date, Stop Seconds
31;178343;Datejust;Standard Dial Oyster Bracelet;11460.0;Date, Stop Seconds
31;178343;Datejust;Mother of Pearl Diamond Dial Oyster Bracelet;15600.0;Date, Stop Seconds
31;178343;Datejust;Mother of Pearl Dial Oyster Bracelet;12900.0;Date, Stop Seconds
31;178343;Datejust;Mother of Pearl Diamond Dial Jubilee Bracelet;16080.0;Date, Stop Seconds
31;178343;Datejust;Diamond VI Dial Jubilee Bracelet;13380.0;Date, Stop Seconds
31;178343;Datejust;Standard Dial Jubilee Bracelet;11940.0;Date, Stop Seconds
31;178343;Datejust;Mother of Pearl Dial Jubilee Bracelet;13380.0;Date, Stop Seconds
31;178343;Datejust;Diamond Dial Oyster Bracelet;13320.0;Date, Stop Seconds
31;178343;Datejust;Diamond Dial Jubilee Bracelet;13800.0;Date, Stop Seconds
31;178344;Datejust;Diamond VI Dial Jubilee Bracelet;12180.0;Date, Stop Seconds
31;178344;Datejust;Mother of Pearl Dial Diamond VI Jubilee Bracelet;13560.0;Date, Stop Seconds
31;178344;Datejust;Mother of Pearl Diamond Dial Oyster Bracelet;14820.0;Date, Stop Seconds
31;178344;Datejust;Mother of Pearl Diamond Dial Jubilee Bracelet;15000.0;Date, Stop Seconds
31;178344;Datejust;Diamond VI Dial Oyster Bracelet;12000.0;Date, Stop Seconds
31;178344;Datejust;Standard Dial Jubilee Bracelet;10680.0;Date, Stop Seconds
31;178344;Datejust;Meteorite Diamond Dial Jubilee Bracelet;14100.0;Date, Stop Seconds
31;178344;Datejust;Diamond Dial Jubilee Bracelet;12420.0;Date, Stop Seconds
31;178344;Datejust;Mother of Pearl Dial Diamond VI Oyster Bracelet;13740.0;Date, Stop Seconds
31;178344;Datejust;Standard Dial Oyster Bracelet;10500.0;Date, Stop Seconds
31;178344;Datejust;Mother of Pearl Dial Oyster Bracelet;12000.0;Date, Stop Seconds
31;178344;Datejust;Diamond Dial Oyster Bracelet;12600.0;Date, Stop Seconds
31;178344;Datejust;Mother of Pearl Dial Jubilee Bracelet;12180.0;Date, Stop Seconds
31;178344;Datejust;Meteorite Diamond Dial Oyster Bracelet;13920.0;Date, Stop Seconds
31;178383;Datejust;Diamond Dial Jubilee Bracelet;16860.0;Date, Stop Seconds
31;178383;Datejust;Mother of Pearl Dial Jubilee Bracelet;16440.0;Date, Stop Seconds
31;178383;Datejust;Diamond VI Dial Jubilee Bracelet;16440.0;Date, Stop Seconds
31;178383;Datejust;Mother of Pearl Diamond Dial Jubilee Bracelet;19140.0;Date, Stop Seconds
31;178383;Datejust;Diamond Dial Oyster Bracelet;16380.0;Date, Stop Seconds
31;178383;Datejust;Mother of Pearl Dial Oyster Bracelet;15960.0;Date, Stop Seconds
31;178383;Datejust;Standard Dial Oyster Bracelet;14520.0;Date, Stop Seconds
31;178383;Datejust;Diamond VI Dial Oyster Bracelet;15960.0;Date, Stop Seconds
31;178383;Datejust;Mother of Pearl Diamond Dial Oyster Bracelet;18660.0;Date, Stop Seconds
31;178383;Datejust;Standard Dial Oyster Bracelet;14520.0;Date, Stop Seconds
31;178383;Datejust;Standard Dial Jubilee Bracelet;15000.0;Date, Stop Seconds
31;178384;Datejust;Diamond Dial Jubilee Bracelet;15840.0;Date, Stop Seconds
31;178384;Datejust;Mother of Pearl Diamond Dial Jubilee Bracelet;18240.0;Date, Stop Seconds
31;178384;Datejust;Standard Dial Jubilee Bracelet;13920.0;Date, Stop Seconds
31;178384;Datejust;Diamond VI Dial Jubilee Bracelet;15420.0;Date, Stop Seconds
31;178384;Datejust;Mother of Pearl Dial Diamond VI Oyster Bracelet;16800.0;Date, Stop Seconds
31;178384;Datejust;Diamond Dial Oyster Bracelet;147660.0;Date, Stop Seconds
31;178384;Datejust;Mother of Pearl Diamond Dial Oyster Bracelet;18240.0;Date, Stop Seconds
31;178384;Datejust;Standard Dial Oyster Bracelet;13740.0;Date, Stop Seconds
31;178384;Datejust;Mother of Pearl Dial Oyster Bracelet;15240.0;Date, Stop Seconds
31;178384;Datejust;Diamond VI Dial Oyster Bracelet;15240.0;Date, Stop Seconds
31;178384;Datejust;Mother of Pearl Dial Jubilee Bracelet;15420.0;Date, Stop Seconds
31;178384;Datejust;Mother of Pearl Dial Diamond VI Jubilee Bracelet;16980.0;Date, Stop Seconds
31;178384;Datejust;Meteorite Diamond Dial Jubilee Bracelet;17340.0;Date, Stop Seconds
31;178384;Datejust;Meteorite Diamond Dial Oyster Bracelet;17160.0;Date, Stop Seconds
31;278241;Datejust;Standard Dial Oyster Bracelet;9600.0;Date, Stop Seconds
31;278241;Datejust;Standard Dial Jubilee Bracelet;10200.0;Date, Stop Seconds
31;278241;Datejust;Diamond Dial Oyster Bracelet;11100.0;Date, Stop Seconds
31;278241;Datejust;Diamond Dial Jubilee Bracelet;11700.0;Date, Stop Seconds
31;278241;Datejust;Diamond VI Dial Oyster Bracelet;11520.0;Date, Stop Seconds
31;278241;Datejust;Diamond VI Dial JubileeBracelet;12120.0;Date, Stop Seconds
31;278241;Datejust;Mother of Pearl Diamond Dial Oyster Bracelet;13920.0;Date, Stop Seconds
31;278241;Datejust;Mother of Pearl Diamond Dial Jubilee Bracelet;14520.0;Date, Stop Seconds
31;278243;Datejust;Standard Dial Oyster Bracelet;9300.0;Date, Stop Seconds
31;278243;Datejust;Standard Dial Jubilee Bracelet;9900.0;Date, Stop Seconds
31;278243;Datejust;Diamond Dial Oyster Bracelet;10800.0;Date, Stop Seconds
31;278243;Datejust;Diamond Dial Jubilee Bracelet;11400.0;Date, Stop Seconds
31;278243;Datejust;Diamond VI Dial Oyster Bracelet;11220.0;Date, Stop Seconds
31;278243;Datejust;Diamond VI Dial JubileeBracelet;11820.0;Date, Stop Seconds
31;278243;Datejust;Mother of Pearl Diamond Dial Oyster Bracelet;13620.0;Date, Stop Seconds
31;278243;Datejust;Mother of Pearl Diamond Dial Jubilee Bracelet;14220.0;Date, Stop Seconds
31;278245;Datejust;Standard Dial Oyster Bracelet;28260.0;Date
31;278245;Datejust;Standard Dial President Bracelet;29820.0;Date
31;278245;Datejust;Diamond Dial Oyster Bracelet;30180.0;Date
31;278245;Datejust;Diamond Dial President Bracelet;31740.0;Date
31;278245;Datejust;Diamond VI Dial Oyster Bracelet;29760.0;Date
31;278245;Datejust;Diamond VI Dial President Bracelet;31320.0;Date
31;278245;Datejust;Mother of Pearl Diamond Dial Oyster Bracelet;32580.0;Date
31;278245;Datejust;Mother of Pearl Diamond Dial President Bracelet;34140.0;Date
31;278245;Datejust;Pave Mother of Pearl Butterfly Dial Oyster Bracelet;44400.0;Date
31;278245;Datejust;Pave Mother of Pearl Butterfly Dial President Bracelet;45960.0;Date
31;278248;Datejust;Standard Dial Oyster Bracelet;25740.0;Date, Stop Seconds
31;278248;Datejust;Diamond VI Dial Oyster Bracelet;27240.0;Date, Stop Seconds
31;278248;Datejust;Diamond Dial Oyster Bracelet;27660.0;Date, Stop Seconds
31;278248;Datejust;Mother of Pearl Diamond Dial Oyster Bracelet;30060.0;Date, Stop Seconds
31;278248;Datejust;Malachite Diamond VI IX Dial Oyster Bracelet;32100.0;Date, Stop Seconds
31;278248;Datejust;Pave Mother of Pearl Butterfly Dial Oyster Bracelet;41880.0;Date, Stop Seconds
31;278248;Datejust;Standard Dial President Bracelet;27300.0;Date, Stop Seconds
31;278248;Datejust;Diamond VI Dial President Bracelet;28800.0;Date, Stop Seconds
31;278248;Datejust;Diamond Dial President Bracelet;29220.0;Date, Stop Seconds
31;278248;Datejust;Mother of Pearl Diamond Dial President Bracelet;31620.0;Date, Stop Seconds
31;278248;Datejust;Malachite Diamond VI IX Dial President Bracelet;33660.0;Date, Stop Seconds
31;278248;Datejust;Pave Mother of Pearl Butterfly Dial President Bracelet;43440.0;Date, Stop Seconds
31;278271;Datejust;Standard Dial Oyster Bracelet;9720.0;Date
31;278271;Datejust;Diamond VI Dial Oyster Bracelet;11220.0;Date
31;278271;Datejust;Diamond Dial Oyster Bracelet;11640.0;Date
31;278271;Datejust;Mother of Pearl Diamond Dial Oyster Bracelet;14040.0;Date
31;278271;Datejust;Standard Dial President Bracelet;10320.0;Date
31;278271;Datejust;Diamond VI Dial President Bracelet;11820.0;Date
31;278271;Datejust;Diamond Dial President Bracelet;12240.0;Date
31;278271;Datejust;Mother of Pearl Diamond Dial President Bracelet;14640.0;Date
31;278273;Datejust;Standard Dial Oyster Bracelet;9360.0;Date, Stop Seconds
31;278273;Datejust;Diamond VI Dial Oyster Bracelet;10860.0;Date, Stop Seconds
31;278273;Datejust;Diamond Dial Oyster Bracelet;11280.0;Date, Stop Seconds
31;278273;Datejust;Mother of Pearl Diamond Dial Oyster Bracelet;13680.0;Date, Stop Seconds
31;278273;Datejust;Standard Dial President Bracelet;9960.0;Date, Stop Seconds
31;278273;Datejust;Diamond VI Dial President Bracelet;11460.0;Date, Stop Seconds
31;278273;Datejust;Diamond Dial President Bracelet;11880.0;Date, Stop Seconds
31;278273;Datejust;Mother of Pearl Diamond Dial President Bracelet;14280.0;Date, Stop Seconds
31;278275;Datejust;Standard Dial Oyster Bracelet;28380.0;Date, Stop Seconds
31;278275;Datejust;Diamond VI Dial Oyster Bracelet;29880.0;Date, Stop Seconds
31;278275;Datejust;Diamond Dial Oyster Bracelet;30300.0;Date, Stop Seconds
31;278275;Datejust;Mother of Pearl Diamond Dial Oyster Bracelet;32700.0;Date, Stop Seconds
31;278275;Datejust;Pave Mother of Pearl Butterfly Dial Oyster Bracelet;44520.0;Date, Stop Seconds
31;278275;Datejust;Standard Dial President Bracelet;29940.0;Date, Stop Seconds
31;278275;Datejust;Diamond VI Dial President Bracelet;31440.0;Date, Stop Seconds
31;278275;Datejust;Diamond Dial President Bracelet;33900.0;Date, Stop Seconds
31;278275;Datejust;Mother of Pearl Diamond Dial President Bracelet;31680.0;Date, Stop Seconds
31;278275;Datejust;Pave Mother of Pearl Butterfly Dial President Bracelet;46080.0;Date, Stop Seconds
31;278278;Datejust;Standard Dial Oyster Bracelet;25860.0;Date, Stop Seconds
31;278278;Datejust;Standard Dial President Bracelet;27420.0;Date, Stop Seconds
31;278278;Datejust;Diamond VI Dial Oyster Bracelet;27360.0;Date, Stop Seconds
31;278278;Datejust;Diamond VI Dial President Bracelet;28920.0;Date, Stop Seconds
31;278278;Datejust;Diamond Dial Oyster Bracelet;27780.0;Date, Stop Seconds
31;278278;Datejust;Diamond Dial President Bracelet;29340.0;Date, Stop Seconds
31;278278;Datejust;Mother of Pearl Diamond Dial Oyster Bracelet;30180.0;Date, Stop Seconds
31;278278;Datejust;Mother of Pearl Diamond Dial President Bracelet;31740.0;Date, Stop Seconds
31;278278;Datejust;Pave Mother of Pearl Butterfly Dial Oyster Bracelet;42000.0;Date, Stop Seconds
31;278278;Datejust;Pave Mother of Pearl Butterfly Dial President Bracelet;43560.0;Date, Stop Seconds
31;278278;Datejust;Malachite Diamond VI IX Dial Oyster Bracelet;32220.0;Date, Stop Seconds
31;278278;Datejust;Malachite Diamond VI IX Dial President Bracelet;33780.0;Date, Stop Seconds
31;278285RBR;Datejust;Standard Dial Oyster Bracelet;38100.0;Date
31;278285RBR;Datejust;Standard Dial President Bracelet;39660.0;Date
31;278285RBR;Datejust;Diamond VI Dial Oyster Bracelet;39600.0;Date
31;278285RBR;Datejust;Diamond VI Dial President Bracelet;41160.0;Date
31;278285RBR;Datejust;Diamond Dial Oyster Bracelet;40020.0;Date
31;278285RBR;Datejust;Diamond Dial President Bracelet;41580.0;Date
31;278285RBR;Datejust;Mother of Pearl Diamond Dial Oyster Bracelet;42420.0;Date
31;278285RBR;Datejust;Mother of Pearl Diamond Dial President Bracelet;43980.0;Date
31;278285RBR;Datejust;Pave Mother of Pearl Butterfly Dial Oyster Bracelet;54240.0;Date
31;278285RBR;Datejust;Pave Mother of Pearl Butterfly Dial President Bracelet;55800.0;Date
31;278288RBR;Datejust;Standard Dial Oyster Bracelet;35580.0;Date
31;278288RBR;Datejust;Standard Dial President Bracelet;37140.0;Date
31;278288RBR;Datejust;Diamond VI Dial Oyster Bracelet;37080.0;Date
31;278288RBR;Datejust;Diamond VI Dial President Bracelet;38640.0;Date
31;278288RBR;Datejust;Diamond Dial Oyster Bracelet;37500.0;Date
31;278288RBR;Datejust;Diamond Dial President Bracelet;39060.0;Date
31;278288RBR;Datejust;Mother of Pearl Diamond Dial Oyster Bracelet;39900.0;Date
31;278288RBR;Datejust;Mother of Pearl Diamond Dial President Bracelet;41460.0;Date
31;278288RBR;Datejust;Pave Mother of Pearl Butterfly Dial Oyster Bracelet;51720.0;Date
31;278288RBR;Datejust;Pave Mother of Pearl Butterfly Dial President Bracelet;53280.0;Date
31;278288RBR;Datejust;Malachite Diamond VI IX Dial Oyster Bracelet;41940.0;Date
31;278288RBR;Datejust;Malachite Diamond VI IX Dial President Bracelet;43500.0;Date
31;278289RBR;Datejust;Standard Dial President Bracelet;39660.0;Date
31;278289RBR;Datejust;Diamond Dial President Bracelet;41580.0;Date
31;278289RBR;Datejust;Mother of Pearl Diamond Dial President Bracelet;43980.0;Date
31;278289RBR;Datejust;Pave Mother of Pearl Butterfly Dial President Bracelet;55800.0;Date
31;278341RBR;Datejust;Standard Dial Oyster Bracelet;12840.0;Date
31;278341RBR;Datejust;Standard Dial Jubilee Bracelet;13440.0;Date
31;278341RBR;Datejust;Diamond VI Dial Oyster Bracelet;14340.0;Date
31;278341RBR;Datejust;Diamond VI Dial Jubilee Bracelet;14940.0;Date
31;278341RBR;Datejust;Diamond Dial Oyster Bracelet;14760.0;Date
31;278341RBR;Datejust;Diamond Dial Jubilee Bracelet;15360.0;Date
31;278341RBR;Datejust;Mother of Pearl Diamond Dial Oyster Bracelet;17160.0;Date
31;278341RBR;Datejust;Mother of Pearl Diamond Dial Jubilee Bracelet;17760.0;Date
31;278343RBR;Datejust;Standard Dial Oyster Bracelet;12480.0;Date
31;278343RBR;Datejust;Standard Dial Jubilee Bracelet;13080.0;Date
31;278343RBR;Datejust;Diamond VI Dial Oyster Bracelet;13980.0;Date
31;278343RBR;Datejust;Diamond VI Dial Jubilee Bracelet;14580.0;Date
31;278343RBR;Datejust;Diamond Dial Oyster Bracelet;14400.0;Date
31;278343RBR;Datejust;Diamond Dial Jubilee Bracelet;15000.0;Date
31;278343RBR;Datejust;Mother of Pearl Diamond Dial Oyster Bracelet;16800.0;Date
31;278343RBR;Datejust;Mother of Pearl Diamond Dial Jubilee Bracelet;17400.0;Date
28;279135RBR;Datejust;Star Diamond Dial Diamond XI President Bracelet;35220.0;Date
28;279135RBR;Datejust;Star Diamond Dial Diamond XI Jubilee Bracelet;34140.0;Date
28;279135RBR;Datejust;Standard Dial President Bracelet;32820.0;Date
28;279135RBR;Datejust;Standard Dial Jubilee Bracelet;31740.0;Date
28;279135RBR;Datejust;Mother of Pearl Diamond Dial President Bracelet;36480.0;Date
28;279135RBR;Datejust;Diamond Dial Jubilee Bracelet;33600.0;Date
28;279135RBR;Datejust;Diamond Dial President Bracelet;34680.0;Date
28;279135RBR;Datejust;Mother of Pearl Diamond Dial Jubilee Bracelet;35400.0;Date
28;279136RBR;Datejust;Index Diamond Dial Diamond XI President Bracelet;POR;Date, Stop Seconds
28;279136RBR;Datejust;Star Diamond Dial Diamond XI President Bracelet;POR;Date, Stop Seconds
28;279138RBR;Datejust;Star Diamond Dial Diamond XI President Bracelet;33120.0;Date, Stop Seconds
28;279138RBR;Datejust;Star Diamond Dial Diamond XI Jubilee Bracelet;32160.0;Date, Stop Seconds
28;279138RBR;Datejust;Index Diamond Dial Diamond XI President Bracelet;35160.0;Date, Stop Seconds
28;279138RBR;Datejust;Index Diamond Dial Diamond XI Jubilee Bracelet;34200.0;Date, Stop Seconds
28;279138RBR;Datejust;Standard Dial President Bracelet;30720.0;Date, Stop Seconds
28;279138RBR;Datejust;Standard Dial Jubilee Bracelet;29760.0;Date, Stop Seconds
28;279138RBR;Datejust;Mother of Pearl Diamond Dial President Bracelet;34380.0;Date, Stop Seconds
28;279138RBR;Datejust;Mother of Pearl Diamond Dial Jubilee Bracelet;33420.0;Date, Stop Seconds
28;279138RBR;Datejust;Diamond Dial President Bracelet;32580.0;Date, Stop Seconds
28;279138RBR;Datejust;Diamond Dial Jubilee Bracelet;31620.0;Date, Stop Seconds
28;279161;Datejust;Standard Dial Jubilee Bracelet;8640.0;Date, Stop Seconds
28;279161;Datejust;Standard Dial Oyster Bracelet;8040.0;Date, Stop Seconds
28;279161;Datejust;Star Diamond Dial Diamond XI Jubilee Bracelet;11040.0;Date, Stop Seconds
28;279161;Datejust;Star Diamond Dial Diamond XI Oyster Bracelet;10440.0;Date, Stop Seconds
28;279161;Datejust;Diamond Dial Jubilee Bracelet;10500.0;Date, Stop Seconds
28;279161;Datejust;Diamond Dial Oyster Bracelet;9900.0;Date, Stop Seconds
28;279161;Datejust;Mother of Pearl Diamond Dial Jubilee Bracelet;12300.0;Date, Stop Seconds
28;279161;Datejust;Mother of Pearl Diamond Dial Oyster Bracelet;11700.0;Date, Stop Seconds
28;279163;Datejust;Standard Dial Jubilee Bracelet;8340.0;Date, Stop Seconds
28;279163;Datejust;Standard Dial Oyster Bracelet;7800.0;Date, Stop Seconds
28;279163;Datejust;Star Diamond Dial Diamond XI Jubilee Bracelet;10740.0;Date, Stop Seconds
28;279163;Datejust;Star Diamond Dial Diamond XI Oyster Bracelet;10200.0;Date, Stop Seconds
28;279163;Datejust;Diamond Dial Jubilee Bracelet;10200.0;Date, Stop Seconds
28;279163;Datejust;Diamond Dial Oyster Bracelet;9660.0;Date, Stop Seconds
28;279163;Datejust;Mother of Pearl Diamond Dial Jubilee Bracelet;12000.0;Date, Stop Seconds
28;279163;Datejust;Mother of Pearl Diamond Dial Oyster Bracelet;11460.0;Date, Stop Seconds
28;279165;Datejust;Standard Dial President Bracelet;24780.0;Date, Stop Seconds
28;279165;Datejust;Star Diamond Dial Diamond XI President Bracelet;27180.0;Date, Stop Seconds
28;279165;Datejust;Standard Dial Jubilee Bracelet;23700.0;Date, Stop Seconds
28;279165;Datejust;Star Diamond Dial Diamond XI Jubilee Bracelet;26100.0;Date, Stop Seconds
28;279165;Datejust;Diamond Dial President Bracelet;26640.0;Date, Stop Seconds
28;279165;Datejust;Diamond Dial Jubilee Bracelet;25560.0;Date, Stop Seconds
28;279165;Datejust;Mother of Pearl Diamond Dial President Bracelet;28440.0;Date, Stop Seconds
28;279165;Datejust;Mother of Pearl Diamond Dial Jubilee Bracelet;27360.0;Date, Stop Seconds
28;279166;Datejust;Star Diamond Dial Diamond XI President Bracelet;42540.0;Date, Stop Seconds
28;279166;Datejust;Index Diamond Dial Diamond XI President Bracelet;POR;Date, Stop Seconds
28;279171;Datejust;Standard Dial Jubilee Bracelet;8760.0;Date, Stop Seconds
28;279171;Datejust;Standard Dial Oyster Bracelet;8160.0;Date, Stop Seconds
28;279171;Datejust;Star Diamond Dial Diamond XI Jubilee Bracelet;11160.0;Date, Stop Seconds
28;279171;Datejust;Star Diamond Dial Diamond XI Oyster Bracelet;10560.0;Date, Stop Seconds
28;279171;Datejust;Diamond Dial Jubilee Bracelet;10620.0;Date, Stop Seconds
28;279171;Datejust;Diamond Dial Oyster Bracelet;10020.0;Date, Stop Seconds
28;279171;Datejust;Mother of Pearl Diamond Dial Jubilee Bracelet;12420.0;Date, Stop Seconds
28;279171;Datejust;Mother of Pearl Diamond Dial Oyster Bracelet;11820.0;Date, Stop Seconds
28;279173;Datejust;Standard Dial Jubilee Bracelet;8460.0;Date, Stop Seconds
28;279173;Datejust;Standard Dial Oyster Bracelet;7920.0;Date, Stop Seconds
28;279173;Datejust;Star Diamond Dial Diamond XI Jubilee Bracelet;10860.0;Date, Stop Seconds
28;279173;Datejust;Star Diamond Dial Diamond XI Oyster Bracelet;10320.0;Date, Stop Seconds
28;279173;Datejust;Diamond Dial Jubilee Bracelet;10320.0;Date, Stop Seconds
28;279173;Datejust;Diamond Dial Oyster Bracelet;9780.0;Date, Stop Seconds
28;279173;Datejust;Mother of Pearl Diamond Dial Jubilee Bracelet;12120.0;Date, Stop Seconds
28;279173;Datejust;Mother of Pearl Diamond Dial Oyster Bracelet;11580.0;Date, Stop Seconds
28;279175;Datejust;Standard Dial President Bracelet;24840.0;Date, Stop Seconds
28;279175;Datejust;Star Diamond Dial Diamond XI President Bracelet;27240.0;Date, Stop Seconds
28;279175;Datejust;Standard Dial Jubilee Bracelet;23760.0;Date, Stop Seconds
28;279175;Datejust;Star Diamond Dial Diamond XI Jubilee Bracelet;26160.0;Date, Stop Seconds
28;279175;Datejust;Diamond Dial President Bracelet;26700.0;Date, Stop Seconds
28;279175;Datejust;Diamond Dial Jubilee Bracelet;25620.0;Date, Stop Seconds
28;279175;Datejust;Mother of Pearl Diamond Dial President Bracelet;28500.0;Date, Stop Seconds
28;279175;Datejust;Mother of Pearl Diamond Dial Jubilee Bracelet;27420.0;Date, Stop Seconds
28;279178;Datejust;Standard Dial President Bracelet;22680.0;Date, Stop Seconds
28;279178;Datejust;Star Diamond Dial Diamond XI President Bracelet;25080.0;Date, Stop Seconds
28;279178;Datejust;Standard Dial Jubilee Bracelet;21720.0;Date, Stop Seconds
28;279178;Datejust;Star Diamond Dial Diamond XI Jubilee Bracelet;24120.0;Date, Stop Seconds
28;279178;Datejust;Index Diamond Dial Diamond XI President Bracelet;27120.0;Date, Stop Seconds
28;279178;Datejust;Index Diamond Dial Diamond XI Jubilee Bracelet;26160.0;Date, Stop Seconds
28;279178;Datejust;Diamond Dial President Bracelet;24540.0;Date, Stop Seconds
28;279178;Datejust;Diamond Dial Jubilee Bracelet;23580.0;Date, Stop Seconds
28;279178;Datejust;Mother of Pearl Diamond Dial President Bracelet;26340.0;Date, Stop Seconds
28;279178;Datejust;Mother of Pearl Diamond Dial Jubilee Bracelet;25380.0;Date, Stop Seconds
28;279381RBR;Datejust;Standard Dial Jubilee Bracelet;14400.0;Date, Stop Seconds
28;279381RBR;Datejust;Standard Dial Oyster Bracelet;13800.0;Date, Stop Seconds
28;279381RBR;Datejust;Star Diamond Dial Diamond XI Jubilee Bracelet;16800.0;Date, Stop Seconds
28;279381RBR;Datejust;Star Diamond Dial Diamond XI Oyster Bracelet;16200.0;Date, Stop Seconds
28;279381RBR;Datejust;Diamond Dial Jubilee Bracelet;16260.0;Date, Stop Seconds
28;279381RBR;Datejust;Diamond Dial Oyster Bracelet;15660.0;Date, Stop Seconds
28;279381RBR;Datejust;Mother of Pearl Diamond Dial Jubilee Bracelet;18060.0;Date, Stop Seconds
28;279381RBR;Datejust;Mother of Pearl Diamond Dial Oyster Bracelet;17460.0;Date, Stop Seconds
28;279383RBR;Datejust;Standard Dial Jubilee Bracelet;14040.0;Date, Stop Seconds
28;279383RBR;Datejust;Standard Dial Oyster Bracelet;13500.0;Date, Stop Seconds
28;279383RBR;Datejust;Star Diamond Dial Diamond XI Jubilee Bracelet;16440.0;Date, Stop Seconds
28;279383RBR;Datejust;Star Diamond Dial Diamond XI Oyster Bracelet;15900.0;Date, Stop Seconds
28;279383RBR;Datejust;Diamond Dial Jubilee Bracelet;15900.0;Date, Stop Seconds
28;279383RBR;Datejust;Diamond Dial Oyster Bracelet;15360.0;Date, Stop Seconds
28;279383RBR;Datejust;Mother of Pearl Diamond Dial Jubilee Bracelet;17700.0;Date, Stop Seconds
28;279383RBR;Datejust;Mother of Pearl Diamond Dial Oyster Bracelet;17160.0;Date, Stop Seconds
36;118135;Day-Date;Diamond Dial;24660.0;Day Date, Date
36;118135;Day-Date;Ferrite Diamond Dial;29040.0;Day Date, Date
36;118135;Day-Date;Meteorite Diamond Dial;29040.0;Day Date, Date
36;118135;Day-Date;Mother of Pearl Diamond Dial;26280.0;Day Date, Date
36;118135;Day-Date;Standard Dial;21840.0;Day Date, Date
36;118138;Day-Date;Pave Diamond Dial;33600.0;Day Date, Date
36;118138;Day-Date;Bulls Eye Diamond Dial;27660.0;Day Date, Date
36;118138;Day-Date;Diamond Dial;23280.0;Day Date, Date
36;118138;Day-Date;Mother of Pearl Diamond Dial;24900.0;Day Date, Date
36;118138;Day-Date;Standard Dial;20460.0;Day Date, Date
36;118139;Day-Date;Diamond Dial;24660.0;Day Date, Date
36;118139;Day-Date;Diamond Emerald Dial;27840.0;Day Date, Date
36;118139;Day-Date;Lapis Diamond Dial;29040.0;Day Date, Date
36;118139;Day-Date;Mother of Pearl Diamond Dial;26280.0;Day Date, Date
36;118139;Day-Date;Pave Diamond Dial;POR;Day Date, Date
36;118139;Day-Date;Standard Dial;21840.0;Day Date, Date
36;118205F;Day-Date;Diamond Dial Oyster Bracelet;32760.0;Day Date, Date
36;118205F;Day-Date;Diamond Dial President Bracelet;34200.0;Day Date, Date
36;118205F;Day-Date;Ferrite Diamond Dial Oyster Bracelet;37140.0;Day Date, Date
36;118205F;Day-Date;Ferrite Diamond Dial President Bracelet;38580.0;Day Date, Date
36;118205F;Day-Date;Meteorite Diamond Dial Oyster Bracelet;37140.0;Day Date, Date
36;118205F;Day-Date;Meteorite Diamond Dial President Bracelet;38580.0;Day Date, Date
36;118205F;Day-Date;Mother of Pearl Carousel Diamond Dial Oyster Bracelet;42600.0;Day Date, Date
36;118205F;Day-Date;Mother of Pearl Carousel Diamond Dial President Bracelet;POR;Day Date, Date
36;118205F;Day-Date;Mother of Pearl Diamond Dial Oyster Bracelet;34380.0;Day Date, Date
36;118205F;Day-Date;Mother of Pearl Diamond Dial President Bracelet;35820.0;Day Date, Date
36;118205F;Day-Date;Standard Dial Oyster Bracelet;29940.0;Day Date, Date
36;118205F;Day-Date;Standard Dial President Bracelet;31380.0;Day Date, Date
36;118206;Day-Date;Diamond Dial President Bracelet;POR;Day Date, Date, Stop Seconds
36;118206;Day-Date;Diamond Emerald Dial President Bracelet;POR;Day Date, Date, Stop Seconds
36;118206;Day-Date;Lapis Diamond Dial President Bracelet;POR;Day Date, Date, Stop Seconds
36;118206;Day-Date;Meteorite Diamond Dial President Bracelet;POR;Day Date, Date, Stop Seconds
36;118206;Day-Date;Mother of Pearl Carousel Diamond Dial President Bracelet;POR;Day Date, Date, Stop Seconds
36;118206;Day-Date;Mother of Pearl Diamond Dial;POR;Day Date, Date, Stop Seconds
36;118206;Day-Date;Pave Diamond Dial President Bracelet;POR;Day Date, Date, Stop Seconds
36;118206;Day-Date;Standard Dial President Bracelet;POR;Day Date, Date, Stop Seconds
36;118208;Day-Date;Pave Diamond Dial Oyster Bracelet;POR;Day Date, Date
36;118208;Day-Date;Pave Diamond Dial President Bracelet;POR;Day Date, Date
36;118208;Day-Date;Bulls Eye Diamond Dial Oyster Bracelet;34620.0;Day Date, Date
36;118208;Day-Date;Bulls Eye Diamond Dial President Bracelet;36060.0;Day Date, Date
36;118208;Day-Date;Carousel Diamond Dial Oyster Bracelet;POR;Day Date, Date
36;118208;Day-Date;Carousel Diamond Dial President Bracelet;POR;Day Date, Date
36;118208;Day-Date;Diamond Dial Oyster Bracelet;30240.0;Day Date, Date
36;118208;Day-Date;Meteorite Diamond Dial President Bracelet;36060.0;Day Date, Date
36;118208;Day-Date;Meteorite Diamond Dial Oyster Bracelet;34620.0;Day Date, Date
36;118208;Day-Date;Mother of Pearl Diamond Dial Oyster Bracelet;31860.0;Day Date, Date
36;118208;Day-Date;Mother of Pearl Diamond Dial President Bracelet;33300.0;Day Date, Date
36;118208;Day-Date;Mother of Pearl Pave Diamond Dial Oyster Bracelet;POR;Day Date, Date
36;118208;Day-Date;Mother of Pearl Pave Diamond Dial President Bracelet;POR;Day Date, Date
36;118208;Day-Date;Pave Diamond Dial Oyster Bracelet;POR;Day Date, Date
36;118208;Day-Date;Pave Diamond Dial President Bracelet;POR;Day Date, Date
36;118208;Day-Date;Roman Diamond Dial Oyster Bracelet;32280.0;Day Date, Date
36;118208;Day-Date;Roman Diamond Dial President Bracelet;33720.0;Day Date, Date
36;118208;Day-Date;Standard Dial Oyster Bracelet;27420.0;Day Date, Date
36;118208;Day-Date;Standard Dial President Bracelet;28860.0;Day Date, Date
36;118208;Day-Date;Standard Dial President Bracelet;31680.0;Day Date, Date
36;128235;Day-Date;Diamond Dial President Bracelet;37440.0;Day Date, Date, Stop Seconds
36;128235;Day-Date;Mother of Pearl Diamond Dial President Bracelet;39120.0;Day Date, Date, Stop Seconds
36;128235;Day-Date;Diamond Dial Diamond President Bracelet;83880.0;Day Date, Date, Stop Seconds
36;128235;Day-Date;Pave Sapphire Dial President Bracelet;64200.0;Day Date, Date, Stop Seconds
36;128235;Day-Date;Mother of Pearl Diamond Dial Diamond President Bracelet;85560.0;Day Date, Date, Stop Seconds
36;128235;Day-Date;Pave Sapphire Dial Diamond President Bracelet;110640.0;Day Date, Date, Stop Seconds
36;128238;Day-Date;Standard Dial President Bracelet;31980.0;Day Date, Date, Stop Seconds
36;128238;Day-Date;Diamond Dial President Bracelet;34920.0;Day Date, Date, Stop Seconds
36;128238;Day-Date;Mother of Pearl Diamond Dial President Bracelet;36600.0;Day Date, Date, Stop Seconds
36;128238;Day-Date;Diamond Index Diamond VI IX Dial President Bracelet;42660.0;Day Date, Date, Stop Seconds
36;128238;Day-Date;Pave Sapphire Dial President Bracelet;61680.0;Day Date, Date, Stop Seconds
36;128238;Day-Date;Standard Dial Diamond President Bracelet;78300.0;Day Date, Date, Stop Seconds
36;128238;Day-Date;Diamond Dial Diamond President Bracelet;81240.0;Day Date, Date, Stop Seconds
36;128238;Day-Date;Mother of Pearl Diamond Dial Diamond President Bracelet;82920.0;Day Date, Date, Stop Seconds
36;128238;Day-Date;Diamond Index Diamond VI IX Dial Diamond President Bracelet;88980.0;Day Date, Date, Stop Seconds
36;128238;Day-Date;Pave Sapphire Dial Diamond President Bracelet;108000.0;Day Date, Date, Stop Seconds
36;128239;Day-Date;Standard Dial President Bracelet;34500.0;Day Date, Date
36;128239;Day-Date;Diamond Dial President Bracelet;37440.0;Day Date, Date
36;128239;Day-Date;Mother of Pearl Diamond Dial President Bracelet;39120.0;Day Date, Date
36;128239;Day-Date;Diamond Index Diamond VI IX Dial President Bracelet;45180.0;Day Date, Date
36;128239;Day-Date;Pave Sapphire Dial President Bracelet;64200.0;Day Date, Date
36;128239;Day-Date;Standard Dial Diamond President Bracelet;80940.0;Day Date, Date
36;128239;Day-Date;Diamond Dial Diamond President Bracelet;83880.0;Day Date, Date
36;128239;Day-Date;Mother of Pearl Diamond Dial Diamond President Bracelet;85560.0;Day Date, Date
36;128239;Day-Date;Diamond Index Diamond VI IX Dial Diamond President Bracelet;91620.0;Day Date, Date
36;128239;Day-Date;Pave Sapphire Dial Diamond President Bracelet;110640.0;Day Date, Date
36;128345RBR;Day-Date;Diamond Dial President Bracelet;50040.0;Day Date, Date, Stop Seconds
36;128345RBR;Day-Date;Mother of Pearl Diamond Dial President Bracelet;51720.0;Day Date, Date, Stop Seconds
36;128345RBR;Day-Date;Diamond Dial Diamond President Bracelet;96480.0;Day Date, Date, Stop Seconds
36;128345RBR;Day-Date;Pave Sapphire Dial President Bracelet;76800.0;Day Date, Date, Stop Seconds
36;128345RBR;Day-Date;Mother of Pearl Diamond Dial Diamond President Bracelet;98160.0;Day Date, Date, Stop Seconds
36;128345RBR;Day-Date;Pave Sapphire Dial Diamond Diamond President Bracelet;123240.0;Day Date, Date, Stop Seconds
36;128348RBR;Day-Date;Standard Dial President Bracelet;44580.0;Day Date, Date, Stop Seconds
36;128348RBR;Day-Date;Diamond Dial President Bracelet;47520.0;Day Date, Date, Stop Seconds
36;128348RBR;Day-Date;Mother of Pearl Diamond Dial President Bracelet;49200.0;Day Date, Date, Stop Seconds
36;128348RBR;Day-Date;Diamond Index Diamond VI IX Dial President Bracelet;55260.0;Day Date, Date, Stop Seconds
36;128348RBR;Day-Date;Pave Sapphire Dial President Bracelet;74280.0;Day Date, Date, Stop Seconds
36;128348RBR;Day-Date;Standard Dial Diamond President Bracelet;90900.0;Day Date, Date, Stop Seconds
36;128348RBR;Day-Date;Diamond Dial Diamond President Bracelet;93840.0;Day Date, Date, Stop Seconds
36;128348RBR;Day-Date;Mother of Pearl Diamond Dial Diamond President Bracelet;95520.0;Day Date, Date, Stop Seconds
36;128348RBR;Day-Date;Diamond Index Diamond VI IX Dial Diamond President Bracelet;101580.0;Day Date, Date, Stop Seconds
36;128348RBR;Day-Date;Pave Sapphire Dial Diamond President Bracelet;120600.0;Day Date, Date, Stop Seconds
36;128349RBR;Day-Date;Standard Dial President Bracelet;47100.0;Day Date, Date, Stop Seconds
36;128349RBR;Day-Date;Diamond Dial President Bracelet;50040.0;Day Date, Date, Stop Seconds
36;128349RBR;Day-Date;Mother of Pearl Diamond Dial President Bracelet;51720.0;Day Date, Date, Stop Seconds
36;128349RBR;Day-Date;Diamond Index Diamond VI IX Dial President Bracelet;57780.0;Day Date, Date, Stop Seconds
36;128349RBR;Day-Date;Pave Sapphire Dial President Bracelet;76800.0;Day Date, Date, Stop Seconds
36;128349RBR;Day-Date;Standard Dial Diamond President Bracelet;93540.0;Day Date, Date, Stop Seconds
36;128349RBR;Day-Date;Diamond Dial Diamond President Bracelet;96480.0;Day Date, Date, Stop Seconds
36;128349RBR;Day-Date;Mother of Pearl Diamond Dial Diamond President Bracelet;98160.0;Day Date, Date, Stop Seconds
36;128349RBR;Day-Date;Diamond Index Diamond VI IX Dial Diamond President Bracelet;104220.0;Day Date, Date, Stop Seconds
36;128349RBR;Day-Date;Pave Sapphire Dial Diamond President Bracelet;123240.0;Day Date, Date, Stop Seconds
36;118239;Day-Date;Diamond Dial Oyster Bracelet;32880.0;Day Date, Date
36;118239;Day-Date;Diamond Dial President Bracelet;34320.0;Day Date, Date
36;118239;Day-Date;Diamond Emerald Dial Oyster Bracelet;36060.0;Day Date, Date
36;118239;Day-Date;Diamond Emerald Dial President Bracelet;37500.0;Day Date, Date
36;118239;Day-Date;Lapis Diamond Dial Oyster Bracelet;37260.0;Day Date, Date
36;118239;Day-Date;Lapis Diamond Dial President Bracelet;38700.0;Day Date, Date
36;118239;Day-Date;Meteorite Diamond Dial Oyster Bracelet;37260.0;Day Date, Date
36;118239;Day-Date;Meteorite Diamond Dial President Bracelet;38700.0;Day Date, Date
36;118239;Day-Date;Mother of Pearl Carousel Diamond Dial Oyster Bracelet;42720.0;Day Date, Date
36;118239;Day-Date;Mother of Pearl Carousel Diamond Dial President Bracelet;POR;Day Date, Date
36;118239;Day-Date;Mother of Pearl Diamond Dial Oyster Bracelet;34500.0;Day Date, Date
36;118239;Day-Date;Mother of Pearl Diamond Dial President Bracelet;35940.0;Day Date, Date
36;118239;Day-Date;Pave Diamond Dial President Bracelet;POR;Day Date, Date
36;118239;Day-Date;Standard Dial Oyster Bracelet;30060.0;Day Date, Date
36;118239;Day-Date;Standard Dial President Bracelet;31500.0;Day Date, Date
36;118346;Day-Date;Diamond Dial Diamond President Bracelet;POR;Day Date, Date
36;118346;Day-Date;Diamond Dial President Bracelet;POR;Day Date, Date
36;118346;Day-Date;Diamond Emerald Dial President Bracelet;POR;Day Date, Date
36;118346;Day-Date;Diamond Emerald Dial President Bracelet;POR;Day Date, Date
36;118346;Day-Date;Lapis Diamond Dial Diamond President Bracelet;POR;Day Date, Date
36;118346;Day-Date;Lapis Diamond Dial President Bracelet;POR;Day Date, Date
36;118346;Day-Date;Meteorite Diamond Dial Diamond President Bracelet;POR;Day Date, Date
36;118346;Day-Date;Meteorite Diamond Dial President Bracelet;POR;Day Date, Date
36;118346;Day-Date;Mother of Pearl Carousel Diamond Dial Diamond President Bracelet;POR;Day Date, Date
36;118346;Day-Date;Mother of Pearl Carousel Diamond Dial President Bracelet;POR;Day Date, Date
36;118346;Day-Date;Mother of Pearl Diamond Dial Diamond President Bracelet;POR;Day Date, Date
36;118346;Day-Date;Mother of Pearl Diamond Dial President Bracelet;POR;Day Date, Date
36;118346;Day-Date;Pave Diamond Dial Diamond President Bracelet;POR;Day Date, Date
36;118346;Day-Date;Pave Diamond Dial President Bracelet;POR;Day Date, Date
36;118346;Day-Date;Standard Dial Diamond President Bracelet;POR;Day Date, Date
36;118346;Day-Date;Standard Dial President Bracelet;POR;Day Date, Date
36;118348;Day-Date;Pave Diamond Dial Diamond President Bracelet;POR;Day Date, Date, Stop Seconds
36;118348;Day-Date;Pave Diamond Dial Oyster Bracelet;POR;Day Date, Date, Stop Seconds
36;118348;Day-Date;Pave Diamond Dial President Bracelet;POR;Day Date, Date, Stop Seconds
36;118348;Day-Date;Bulls Eye Diamond Dial Diamond President Bracelet;POR;Day Date, Date, Stop Seconds
36;118348;Day-Date;Bulls Eye Diamond Dial Oyster Bracelet;POR;Day Date, Date, Stop Seconds
36;118348;Day-Date;Bulls Eye Diamond Dial President Bracelet;POR;Day Date, Date, Stop Seconds
36;118348;Day-Date;Carousel Diamond Dial Diamond President Bracelet;POR;Day Date, Date, Stop Seconds
36;118348;Day-Date;Carousel Diamond Dial Oyster Bracelet;POR;Day Date, Date, Stop Seconds
36;118348;Day-Date;Carousel Diamond Dial President Bracelet;POR;Day Date, Date, Stop Seconds
36;118348;Day-Date;Diamond Dial Diamond President Bracelet;POR;Day Date, Date, Stop Seconds
36;118348;Day-Date;Diamond Dial Oyster Bracelet;POR;Day Date, Date, Stop Seconds
36;118348;Day-Date;Diamond Dial President Bracelet;POR;Day Date, Date, Stop Seconds
36;118348;Day-Date;Meteorite Diamond Dial Diamond President Bracelet;POR;Day Date, Date, Stop Seconds
36;118348;Day-Date;Meteorite Diamond Dial Oyster Bracelet;POR;Day Date, Date, Stop Seconds
36;118348;Day-Date;Meteorite Diamond Dial President Bracelet;POR;Day Date, Date, Stop Seconds
36;118348;Day-Date;Mother of Pearl Diamond Dial Oyster Bracelet;POR;Day Date, Date, Stop Seconds
36;118348;Day-Date;Mother of Pearl Diamond Dial President Bracelet;POR;Day Date, Date, Stop Seconds
36;118348;Day-Date;Mother of Pearl Diamond Dial President Bracelet;POR;Day Date, Date, Stop Seconds
36;118348;Day-Date;Mother of Pearl Pave Diamond Dial Diamond President Bracelet;POR;Day Date, Date, Stop Seconds
36;118348;Day-Date;Mother of Pearl Pave Diamond Dial Oyster Bracelet;POR;Day Date, Date, Stop Seconds
36;118348;Day-Date;Mother of Pearl Pave Diamond Dial President Bracelet;POR;Day Date, Date, Stop Seconds
36;118348;Day-Date;Pave Diamond Dial Diamond President Bracelet;POR;Day Date, Date, Stop Seconds
36;118348;Day-Date;Pave Diamond Dial President Bracelet;POR;Day Date, Date, Stop Seconds
36;118348;Day-Date;Roman Diamond Dial Diamond President Bracelet;POR;Day Date, Date, Stop Seconds
36;118348;Day-Date;Roman Diamond Dial President Bracelet;POR;Day Date, Date, Stop Seconds
36;118348;Day-Date;Standard Dial Diamond President Bracelet;POR;Day Date, Date, Stop Seconds
36;118348;Day-Date;Standard Dial Oyster Bracelet;40380.0;Day Date, Date, Stop Seconds
36;118348;Day-Date;Standard Dial President Bracelet;41820.0;Day Date, Date, Stop Seconds
36;118388;Day-Date;Pave Diamond Dial Diamond President Bracelet;POR;Day Date, Date
36;118388;Day-Date;Bulls Eye Diamond Dial Diamond President Bracelet;POR;Day Date, Date
36;118388;Day-Date;Bulls Eye Diamond Dial Oyster Bracelet;POR;Day Date, Date
36;118388;Day-Date;Bulls Eye Diamond Dial President Bracelet;POR;Day Date, Date
36;118388;Day-Date;Carousel Diamond Dial Diamond President Bracelet;POR;Day Date, Date
36;118388;Day-Date;Carousel Diamond Dial Oyster Bracelet;POR;Day Date, Date
36;118388;Day-Date;Carousel Diamond Dial President Bracelet;POR;Day Date, Date
36;118388;Day-Date;Diamond Dial Diamond President Bracelet;POR;Day Date, Date
36;118388;Day-Date;Diamond Dial Oyster Bracelet;POR;Day Date, Date
36;118388;Day-Date;Diamond Dial President Bracelet;POR;Day Date, Date
36;118388;Day-Date;Meteorite Diamond Dial Diamond President Bracelet;POR;Day Date, Date
36;118388;Day-Date;Meteorite Diamond Dial Oyster Bracelet;POR;Day Date, Date
36;118388;Day-Date;Meteorite Diamond Dial President Bracelet;POR;Day Date, Date
36;118388;Day-Date;Mother of Pearl Diamond Dial Diamond President Bracelet;POR;Day Date, Date
36;118388;Day-Date;Mother of Pearl Diamond Dial Oyster Bracelet;POR;Day Date, Date
36;118388;Day-Date;Mother of Pearl Diamond Dial President Bracelet;POR;Day Date, Date
36;118388;Day-Date;Mother of Pearl Pave Diamond Dial President Bracelet;POR;Day Date, Date
36;118388;Day-Date;Pave Diamond Dial Diamond President Bracelet;POR;Day Date, Date
36;118388;Day-Date;Pave Diamond Dial Oyster Bracelet;POR;Day Date, Date
36;118388;Day-Date;Pave Diamond Dial President Bracelet;POR;Day Date, Date
36;118388;Day-Date;Pave Diamond Dial President Bracelet;POR;Day Date, Date
36;118388;Day-Date;Roman Diamond Dial Diamond President Bracelet;POR;Day Date, Date
36;118388;Day-Date;Roman Diamond Dial President Bracelet;POR;Day Date, Date
36;118388;Day-Date;Roman Diamond Dial President Bracelet;POR;Day Date, Date
36;118388;Day-Date;Standard Dial Diamond President Bracelet;POR;Day Date, Date
36;118388;Day-Date;Standard Dial Oyster Bracelet;POR;Day Date, Date
36;118388;Day-Date;Standard Dial President Bracelet;POR;Day Date, Date
36;118389;Day-Date;Diamond Dial Diamond President Bracelet;POR;Day Date, Date
36;118389;Day-Date;Diamond Dial Oyster Bracelet;POR;Day Date, Date
36;118389;Day-Date;Diamond Dial President Bracelet;POR;Day Date, Date
36;118389;Day-Date;Diamond Emerald Dial Diamond President Bracelet;POR;Day Date, Date
36;118389;Day-Date;Diamond Emerald Dial President Bracelet;POR;Day Date, Date
36;118389;Day-Date;Lapis Diamond Dial Diamond President Bracelet;POR;Day Date, Date
36;118389;Day-Date;Lapis Diamond Dial Oyster Bracelet;POR;Day Date, Date
36;118389;Day-Date;Lapis Diamond Dial President Bracelet;POR;Day Date, Date
36;118389;Day-Date;Meteorite Diamond Dial Diamond President Bracelet;POR;Day Date, Date
36;118389;Day-Date;Meteorite Diamond Dial Oyster Bracelet;POR;Day Date, Date
36;118389;Day-Date;Meteorite Diamond Dial President Bracelet;POR;Day Date, Date
36;118389;Day-Date;Mother of Pearl Carousel Diamond Dial Diamond President Bracelet;POR;Day Date, Date
36;118389;Day-Date;Mother of Pearl Carousel Diamond Dial Oyster Bracelet;POR;Day Date, Date
36;118389;Day-Date;Mother of Pearl Carousel Diamond Dial President Bracelet;POR;Day Date, Date
36;118389;Day-Date;Mother of Pearl Diamond Dial Diamond President Bracelet;POR;Day Date, Date
36;118389;Day-Date;Mother of Pearl Diamond Dial Oyster Bracelet;POR;Day Date, Date
36;118389;Day-Date;Mother of Pearl Diamond Dial President Bracelet;POR;Day Date, Date
36;118389;Day-Date;Pave Diamond Dial Diamond President Bracelet;POR;Day Date, Date
36;118389;Day-Date;Pave Diamond Dial President Bracelet;POR;Day Date, Date
36;118389;Day-Date;Standard Dial Diamond President Bracelet;POR;Day Date, Date
36;118389;Day-Date;Standard Dial Oyster Bracelet;POR;Day Date, Date
36;118389;Day-Date;Standard Dial President Bracelet;POR;Day Date, Date
40;228206;Day-Date;Diamond Dial President Bracelet;65220.0;Day Date, Date, Stop Seconds
40;228206;Day-Date;Standard Dial President Bracelet;60900.0;Day Date, Date, Stop Seconds
40;228206;Day-Date;Meteorite Diamond Dial President Bracelet;69780.0;Day Date, Date, Stop Seconds
40;228206;Day-Date;Pave Diamond Dial President Bracelet;90600.0;Day Date, Date, Stop Seconds
40;228235;Day-Date;Diamond Dial President Bracelet;42060.0;Day Date, Date, Stop Seconds
40;228235;Day-Date;Pave Diamond Dial President Bracelet;67440.0;Day Date, Date, Stop Seconds
40;228235;Day-Date;Standard Dial President Bracelet;37740.0;Day Date, Date, Stop Seconds
40;228238;Day-Date;Diamond Dial President Bracelet;39540.0;Day Date, Date
40;228238;Day-Date;Standard Dial President Bracelet;35220.0;Day Date, Date
40;228239;Day-Date;Diamond Dial President Bracelet;42060.0;Day Date, Date
40;228239;Day-Date;Standard Dial President Bracelet;37740.0;Day Date, Date
40;228239;Day-Date;Meteorite Diamond Dial President Bracelet;46620.0;Day Date, Date
40;228239;Day-Date;Pave Diamond Dial President Bracelet;67440.0;Day Date, Date
40;228348RBR;Day-Date;Diamond Dial President Bracelet;54300.0;Day Date, Date, Stop Seconds
40;228348RBR;Day-Date;Standard Dial President Bracelet;49980.0;Day Date, Date, Stop Seconds
40;228345RBR;Day-Date;Diamond Dial President Bracelet;56820.0;Day Date, Date, Stop Seconds
40;228345RBR;Day-Date;Pave Diamond Dial President Bracelet;82200.0;Day Date, Date, Stop Seconds
40;228345RBR;Day-Date;Standard Dial President Bracelet;52500.0;Day Date, Date, Stop Seconds
40;228349RBR;Day-Date;Diamond Dial President Bracelet;56820.0;Day Date, Date, Stop Seconds
40;228349RBR;Day-Date;Standard Dial President Bracelet;52500.0;Day Date, Date, Stop Seconds
40;228349RBR;Day-Date;Meteorite Diamond Dial President Bracelet;61380.0;Day Date, Date, Stop Seconds
40;228349RBR;Day-Date;Pave Diamond Dial President Bracelet;82200.0;Day Date, Date, Stop Seconds
40;228396TBR;Day-Date;Diamond Dial President Bracelet;112020.0;Day Date, Date, Stop Seconds
40;228396TBR;Day-Date;Standard Dial President Bracelet;107700.0;Day Date, Date, Stop Seconds
40;228396TBR;Day-Date;Meteorite Diamond Dial President Bracelet;116580.0;Day Date, Date, Stop Seconds
40;228396TBR;Day-Date;Pave Diamond Dial President Bracelet;137400.0;Day Date, Date, Stop Seconds
40;228398TBR;Day-Date;Diamond Dial President Bracelet;80820.0;Day Date, Date, Stop Seconds
40;228398TBR;Day-Date;Standard Dial President Bracelet;77220.0;Day Date, Date, Stop Seconds
39;214270;Explorer;Standard Dial;6240.0;
42;216570;Explorer II;Standard Dial;7980.0;Date, Stop Seconds, GMT
40;116710BLNR;GMT-Master II;2 colour bezel;8880.0;Date, GMT, Stop Seconds
40;116710LN;GMT-Master II;Standard Dial;8760.0;Date, GMT, Stop Seconds
40;116713LN;GMT-Master II;Standard Dial;13620.0;Date, GMT, Stop Seconds
40;116718LN;GMT-Master II;Standard Dial;33900.0;Date, GMT, Stop Seconds
40;116400GV;Milgauss;Standard Dial;7980.0;
34;114200;Oyster Perpetual;Standard Dial;4860.0;
39;114300;Oyster Perpetual;Standard Dial;5400.0;
34;115200;Oyster Perpetual;Standard Dial;6300.0;Date
34;115234;Oyster Perpetual;Standard Dial;7380.0;Date
34;115234;Oyster Perpetual;Arabic 5 Diamond Dial;8280.0;Date
36;116000;Oyster Perpetual;Standard Dial;5160.0;
26;176200;Oyster Perpetual;Standard Dial;4680.0;
31;177200;Oyster Perpetual;Standard Dial;4740.0;
34;81158;Pearlmaster;Diamond Dial Pearlmaster Bracelet;POR;Date
34;81158;Pearlmaster;Diamond Dial Ruby 6 & 9 Pearlmaster Bracelet;POR;Date
34;81158;Pearlmaster;Mother of Pearl Dial Pearlmaster Bracelet;POR;Date
34;81158;Pearlmaster;Mother of Pearl Diamond Dial Pearlmaster Bracelet;POR;Date
34;81158;Pearlmaster;Pave Diamond Dial Pearlmaster Bracelet;POR;Date
34;81158;Pearlmaster;Standard Dial Pearlmaster Bracelet;POR;Date
34;81159;Pearlmaster;Diamond Dial Diamond Pearlmaster Bracelet;POR;Date
34;81159;Pearlmaster;Diamond Dial Sapphire 6 & 9 Pearlmaster Bracelet;POR;Date
34;81159;Pearlmaster;Diamond VI Dial Pearlmaster Bracelet;POR;Date
34;81159;Pearlmaster;Meteorite Diamond Dial Diamond Pearlmaster Bracelet;POR;Date
34;81159;Pearlmaster;Mother of Pearl Dial Pearlmaster Bracelet;POR;Date
34;81159;Pearlmaster;Mother of Pearl Diamond Dial Pearlmaster Bracelet;POR;Date
34;81159;Pearlmaster;Pave Diamond Dial Pearlmaster Bracelet;POR;Date
34;81159;Pearlmaster;Standard Dial Pearlmaster Bracelet;POR;Date
34;81285;Pearlmaster;Diamond Dial Diamond Pearlmaster Bracelet;POR;Date
34;81285;Pearlmaster;Diamond Dial Diamond Pearlmaster Bracelet;POR;Date
34;81285;Pearlmaster;Diamond VI Dial Diamond Pearlmaster Bracelet;POR;Date
34;81285;Pearlmaster;Diamond VI Dial Pearlmaster Bracelet;POR;Date
34;81285;Pearlmaster;Mother of Pearl Diamond Dial Diamond Pearlmaster Bracelet;POR;Date
34;81285;Pearlmaster;Mother of Pearl Diamond Dial Pearlmaster Bracelet;POR;Date
34;81285;Pearlmaster;Mother of Pearl Diamond VI Dial Diamond Pearlmaster Bracelet;POR;Date
34;81285;Pearlmaster;Mother of Pearl Diamond VI Dial Pearlmaster Bracelet;POR;Date
34;81285;Pearlmaster;Pave Diamond Dial Diamond Pearlmaster Bracelet;POR;Date
34;81285;Pearlmaster;Pave Diamond Dial Pearlmaster Bracelet;POR;Date
34;81285;Pearlmaster;Standard Dial Diamond Pearlmaster Bracelet;POR;Date
34;81285;Pearlmaster;Standard Dial Pearlmaster Bracelet;POR;Date
34;81298;Pearlmaster;Diamond Dial Diamond Pearlmaster Bracelet;POR;Date
34;81298;Pearlmaster;Diamond Dial Ruby 6 & 9 Pearlmaster Bracelet;POR;Date
34;81298;Pearlmaster;Diamond VI Dial Pearlmaster Bracelet;POR;Date
34;81298;Pearlmaster;Mother of Pearl Dial Pearlmaster Bracelet;POR;Date
34;81298;Pearlmaster;Mother of Pearl Diamond Dial Pearlmaster Bracelet;POR;Date
34;81298;Pearlmaster;Pave Diamond Dial Pearlmaster Bracelet;POR;Date
34;81298;Pearlmaster;Ruby VI Dial Pearlmaster Bracelet;POR;Date
34;81298;Pearlmaster;Standard Dial Pearlmaster Bracelet;POR;Date
34;81299;Pearlmaster;Diamond Dial Diamond Pearlmaster Bracelet;POR;Date
34;81299;Pearlmaster;Diamond Dial Sapphire 6 & 9 Pearlmaster Bracelet;POR;Date
34;81299;Pearlmaster;Diamond VI Dial Pearlmaster Bracelet;POR;Date
34;81299;Pearlmaster;Meteorite Diamond Dial Diamond Pearlmaster Bracelet;POR;Date
34;81299;Pearlmaster;Mother of Pearl Dial Pearlmaster Bracelet;POR;Date
34;81299;Pearlmaster;Mother of Pearl Diamond Dial Pearlmaster Bracelet;POR;Date
34;81299;Pearlmaster;Mother of Pearl Diamond VI Dial Pearlmaster Bracelet;POR;Date
34;81299;Pearlmaster;Pave Diamond Dial Pearlmaster Bracelet;POR;Date
34;81299;Pearlmaster;Standard Dial Pearlmaster Bracelet;POR;Date
34;81315;Pearlmaster;Diamond Dial Diamond Pearlmaster Bracelet;36000.0;Date
34;81315;Pearlmaster;Diamond VI Dial Pearlmaster Bracelet;35580.0;Date
34;81315;Pearlmaster;Mother of Pearl Diamond Dial Pearlmaster Bracelet;38280.0;Date
34;81315;Pearlmaster;Mother of Pearl Diamond VI Dial Pearlmaster Bracelet;37020.0;Date
34;81315;Pearlmaster;Pave Diamond Dial Pearlmaster Bracelet;POR;Date
34;81315;Pearlmaster;Standard Dial Pearlmaster Bracelet;34140.0;Date
34;81318;Pearlmaster;Diamond Dial Diamond Pearlmaster Bracelet;33840.0;Date
34;81318;Pearlmaster;Diamond Dial Ruby 6 & 9 Pearlmaster Bracelet;35760.0;Date
34;81318;Pearlmaster;Diamond VI Dial Pearlmaster Bracelet;33420.0;Date
34;81318;Pearlmaster;Mother of Pearl Dial Pearlmaster Bracelet;33420.0;Date
34;81318;Pearlmaster;Mother of Pearl Diamond Dial Pearlmaster Bracelet;36120.0;Date
34;81318;Pearlmaster;Pave Diamond Dial Pearlmaster Bracelet;POR;Date
34;81318;Pearlmaster;Standard Dial Pearlmaster Bracelet;31980.0;Date
34;81319;Pearlmaster;Diamond Dial Diamond Pearlmaster Bracelet;36000.0;Date
34;81319;Pearlmaster;Diamond Dial Sapphire 6 & 9 Pearlmaster Bracelet;37920.0;Date
34;81319;Pearlmaster;Diamond VI Dial Pearlmaster Bracelet;35580.0;Date
34;81319;Pearlmaster;Meteorite Diamond Dial Diamond Pearlmaster Bracelet;37440.0;Date
34;81319;Pearlmaster;Mother of Pearl Dial Pearlmaster Bracelet;35580.0;Date
34;81319;Pearlmaster;Mother of Pearl Diamond Dial Pearlmaster Bracelet;38280.0;Date
34;81319;Pearlmaster;Mother of Pearl Diamond VI Dial Pearlmaster Bracelet;37020.0;Date
34;81319;Pearlmaster;Pave Diamond Dial Pearlmaster Bracelet;POR;Date
34;81319;Pearlmaster;Standard Dial Pearlmaster Bracelet;34140.0;Date
34;81319;Pearlmaster;Sapphire VI Dial Pearlmaster Bracelet;35580.0;Date
34;81409RBR;Pearlmaster;Pave Diamond Dial Pave Diamond Pearlmaster Bracelet;POR;Date, Stop Seconds
39;86285;Pearlmaster;Diamond Dial Diamond 6 & 9 Diamond Pearlmaster Bracelet;POR;Date
39;86285;Pearlmaster;Diamond Dial Diamond 6 & 9 Pearlmaster Bracelet;POR;Date
39;86285;Pearlmaster;Pave Diamond Dial Diamond Pearlmaster Bracelet;POR;Date
39;86285;Pearlmaster;Pave Diamond Dial Pearlmaster Bracelet;POR;Date
39;86409RBR;Pearlmaster;Pave Diamond Dial Pave Diamond Pearlmaster Bracelet;POR;Date, Stop Seconds
43;126600;Sea-Dweller;Standard Dial;11160.0;Date, Stop Seconds, Diver
43;126603;Sea-Dweller;Standard Dial;15960.0;Date, Stop Seconds, Diver
42;326135;Sky-Dweller;Standard Dial;36540.0;Date, GMT
42;326138;Sky-Dweller;Standard Dial;35220.0;Date, GMT
42;326933;Sky-Dweller;Standard Dial;15840.0;Date, GMT, Annual Calendar
42;326934;Sky-Dweller;Standard Dial;13320.0;Date, GMT, Annual Calendar
42;326935;Sky-Dweller;Standard Dial;45180.0;Date, GMT
42;326938;Sky-Dweller;Standard Dial;42660.0;Date, GMT
40;114060;Submariner;Non-Date;7560.0;, Diver
40;116610LN;Submariner;Date;8580.0;Date, Diver, Stop Seconds
40;116610LV;Submariner;LV Date;9060.0;Date, Diver, Stop Seconds
40;116613LB;Submariner;Standard Dial;13500.0;Date, Diver, Stop Seconds
40;116613LN;Submariner;Standard Dial;13500.0;Date, Diver, Stop Seconds
40;116618LB;Submariner;Standard Dial;34380.0;Date, Diver, Stop Seconds
40;116618LN;Submariner;Standard Dial;34380.0;Date, Diver, Stop Seconds
40;116619LB;Submariner;Standard Dial;36900.0;Date, Diver, Stop Seconds
40;116659SABR;Submariner;Standard Dial;89940.0;Date, Diver, Stop Seconds
40;116659SABR;Submariner;Pave Diamond Dial;109680.0;Date, Diver, Stop Seconds
40;116659SABR;Submariner;Pave Diamond Dial Diamond Bracelet;191160.0;Date, Diver, Stop Seconds
40;126621;Yacht-Master;Standard Dial;13920.0;Date, Diver
40;126622;Yacht-Master;Standard Dial;11460.0;Date, Diver, Stop Seconds
40;126655;Yacht-Master;Standard Dial;26280.0;Date, Diver, Stop Seconds
40;126655;Yacht-Master;Pave Diamond Dial;45420.0;Date, Diver, Stop Seconds
42;226659;Yacht-Master;Standard Dial;27720.0;Date, Diver, Stop Seconds
37;268621;Yacht-Master;Standard Dial;12600.0;Date, Diver
37;268622;Yacht-Master;Standard Dial;10800.0;Date, Diver, Stop Seconds
37;268655;Yacht-Master;Standard Dial;22380.0;Date, Diver, Stop Seconds
37;268655;Yacht-Master;Pave Dial;39480.0;Date, Diver, Stop Seconds
40;116695SATS;Yacht-Master; Standard Dial;66060.0;Date, Diver, Stop Seconds
40;116695SATS;Yacht-Master;Pave Diamond Dial;85200.0;Date, Diver, Stop Seconds
44;116680;Yacht-Master II;Standard Dial;17940.0;Regatta Chronograph, Diver
44;116681;Yacht-Master II;Standard Dial;24360.0;Regatta Chronograph, Diver
44;116688;Yacht-Master II;Standard Dial;41820.0;Regatta Chronograph, Diver
44;116689;Yacht-Master II;Standard Dial;46380.0;Regatta Chronograph, Diver
39;50505;Cellini;Standard Dial;14040.0;
39;50505;Cellini;Diamond Dial;15120.0;
39;50509;Cellini;Standard Dial;14040.0;
39;50509;Cellini;Diamond Dial;15120.0;
39;50515;Cellini;Standard Dial;16560.0;Date
39;50519;Cellini;Standard Dial;16560.0;Date
39;50525;Cellini;Standard Dial;18000.0;Dual Time, Day and Night Indicator
39;50529;Cellini;Standard Dial;18000.0;Dual Time, Day and Night Indicator
39;50535;Cellini;Standard Dial;24720.0;Date, Moonphase
39;50605RBR;Cellini;Standard Dial;18120.0;
39;50605RBR;Cellini;Diamond Dial;19200.0;
39;50609RBR;Cellini;Diamond Dial;19200.0;
39;50609RBR;Cellini;Standard Dial;18120.0;
39;50705RBR;Cellini;Standard Dial;21240.0;
39;50705RBR;Cellini;Diamond Dial;22320.0;
39;50709RBR;Cellini;Diamond Dial;22320.0;
39;50709RBR;Cellini;Standard Dial;21240.0;